-- Customer Insert Data --

insert into Fall22_S003_10_Customer (C_ID, FName, LName, Acct_St_dt, DOB) values (1, 'Beatrix', 'Page', to_date('1-16-2021','MM-DD-YYYY'), to_date('11-6-1991','MM-DD-YYYY'));
insert into Fall22_S003_10_Customer (C_ID, FName, LName, Acct_St_dt, DOB) values (2, 'Odella', 'Begbie', to_date('12-19-2021','MM-DD-YYYY'), to_date('6-9-1991','MM-DD-YYYY'));
insert into Fall22_S003_10_Customer (C_ID, FName, LName, Acct_St_dt, DOB) values (3, 'Millard', 'Gouldthorpe', to_date('7-7-2021','MM-DD-YYYY'),to_date('6-23-1988','MM-DD-YYYY') );
insert into Fall22_S003_10_Customer (C_ID, FName, LName, Acct_St_dt, DOB) values (4, 'Licha', 'Parram', to_date('9-30-2021','MM-DD-YYYY'), to_date('6-9-1997','MM-DD-YYYY'));
insert into Fall22_S003_10_Customer (C_ID, FName, LName, Acct_St_dt, DOB) values (5, 'Leicester', 'Kernermann', to_date('1-31-2021','MM-DD-YYYY'), to_date('10-7-2001','MM-DD-YYYY'));
insert into Fall22_S003_10_Customer (C_ID, FName, LName, Acct_St_dt, DOB) values (6, 'Fara', 'Brilon', to_date('10-10-2021','MM-DD-YYYY'), to_date('10-19-1995','MM-DD-YYYY'));
insert into Fall22_S003_10_Customer (C_ID, FName, LName, Acct_St_dt, DOB) values (7, 'Joey', 'Gosney', to_date('7-1-2021','MM-DD-YYYY'), to_date('2-8-2003','MM-DD-YYYY'));
insert into Fall22_S003_10_Customer (C_ID, FName, LName, Acct_St_dt, DOB) values (8, 'Si', 'Lechmere', to_date('3-20-2021','MM-DD-YYYY'), to_date('12-10-1982','MM-DD-YYYY'));
insert into Fall22_S003_10_Customer (C_ID, FName, LName, Acct_St_dt, DOB) values (9, 'Rik', 'Lesurf', to_date('6-19-2021','MM-DD-YYYY'), to_date('12-28-2002','MM-DD-YYYY'));
insert into Fall22_S003_10_Customer (C_ID, FName, LName, Acct_St_dt, DOB) values (10, 'Emmerich', 'Savell', to_date('11-7-2021','MM-DD-YYYY'), to_date('11-2-2000','MM-DD-YYYY'));
insert into Fall22_S003_10_Customer (C_ID, FName, LName, Acct_St_dt, DOB) values (11, 'Verne', 'Fenech', to_date('3-7-2021','MM-DD-YYYY'),to_date('8-27-1981','MM-DD-YYYY') );
insert into Fall22_S003_10_Customer (C_ID, FName, LName, Acct_St_dt, DOB) values (12, 'Darsie', 'Pedrielli', to_date('7-13-2021','MM-DD-YYYY'), to_date('2-17-2002','MM-DD-YYYY'));
insert into Fall22_S003_10_Customer (C_ID, FName, LName, Acct_St_dt, DOB) values (13, 'Arleta', 'Mattsson', to_date('11-22-2021','MM-DD-YYYY'), to_date('2-15-1995','MM-DD-YYYY'));
insert into Fall22_S003_10_Customer (C_ID, FName, LName, Acct_St_dt, DOB) values (14, 'Kara-lynn', 'Benezeit', to_date('7-25-2021','MM-DD-YYYY'), to_date('9-12-1990','MM-DD-YYYY'));
insert into Fall22_S003_10_Customer (C_ID, FName, LName, Acct_St_dt, DOB) values (15, 'Gaile', 'MacClure', to_date('2-16-2021','MM-DD-YYYY'), to_date('7-8-1997','MM-DD-YYYY'));
insert into Fall22_S003_10_Customer (C_ID, FName, LName, Acct_St_dt, DOB) values (16, 'Concettina', 'O''Fihillie', to_date('6-12-2021','MM-DD-YYYY'), to_date('6-27-1999','MM-DD-YYYY'));
insert into Fall22_S003_10_Customer (C_ID, FName, LName, Acct_St_dt, DOB) values (17, 'Alix', 'Hoonahan', to_date('3-14-2021','MM-DD-YYYY'),to_date('4-16-1981','MM-DD-YYYY') );
insert into Fall22_S003_10_Customer (C_ID, FName, LName, Acct_St_dt, DOB) values (18, 'Gregoor', 'Baldocci', to_date('1-21-2021','MM-DD-YYYY'), to_date('7-17-1982','MM-DD-YYYY'));
insert into Fall22_S003_10_Customer (C_ID, FName, LName, Acct_St_dt, DOB) values (19, 'Kailey', 'Arnfield', to_date('6-15-2021','MM-DD-YYYY'), to_date('3-5-1993','MM-DD-YYYY'));
insert into Fall22_S003_10_Customer (C_ID, FName, LName, Acct_St_dt, DOB) values (20, 'Vannie', 'Petett', to_date('5-9-2021','MM-DD-YYYY'), to_date('3-25-1989','MM-DD-YYYY'));
insert into Fall22_S003_10_Customer (C_ID, FName, LName, Acct_St_dt, DOB) values (21, 'Gav', 'Connikie', to_date('5-29-2021','MM-DD-YYYY'), to_date('2-4-1984','MM-DD-YYYY'));
insert into Fall22_S003_10_Customer (C_ID, FName, LName, Acct_St_dt, DOB) values (22, 'Wallache', 'Seppey', to_date('2-15-2021','MM-DD-YYYY'),to_date('6-13-1989','MM-DD-YYYY') );
insert into Fall22_S003_10_Customer (C_ID, FName, LName, Acct_St_dt, DOB) values (23, 'Rudy', 'Petley', to_date('4-15-2021','MM-DD-YYYY'), to_date('2-15-2001','MM-DD-YYYY'));
insert into Fall22_S003_10_Customer (C_ID, FName, LName, Acct_St_dt, DOB) values (24, 'Cecilla', 'Esselen', to_date('7-26-2021','MM-DD-YYYY'), to_date('9-7-1996','MM-DD-YYYY'));
insert into Fall22_S003_10_Customer (C_ID, FName, LName, Acct_St_dt, DOB) values (25, 'Rae', 'Coburn', to_date('9-20-2021','MM-DD-YYYY'), to_date('4-3-1997','MM-DD-YYYY'));
insert into Fall22_S003_10_Customer (C_ID, FName, LName, Acct_St_dt, DOB) values (26, 'Germain', 'Ivanovic', to_date('6-24-2021','MM-DD-YYYY'), to_date('1-13-1999','MM-DD-YYYY'));
insert into Fall22_S003_10_Customer (C_ID, FName, LName, Acct_St_dt, DOB) values (27, 'Sean', 'Pinnegar', to_date('4-7-2021','MM-DD-YYYY'), to_date('5-20-1992','MM-DD-YYYY'));
insert into Fall22_S003_10_Customer (C_ID, FName, LName, Acct_St_dt, DOB) values (28, 'Tania', 'Kilfeather', to_date('12-5-2021','MM-DD-YYYY'), to_date('6-15-1988','MM-DD-YYYY'));
insert into Fall22_S003_10_Customer (C_ID, FName, LName, Acct_St_dt, DOB) values (29, 'Nahum', 'McComiskie', to_date('11-20-2021','MM-DD-YYYY'), to_date('8-12-1980','MM-DD-YYYY'));
insert into Fall22_S003_10_Customer (C_ID, FName, LName, Acct_St_dt, DOB) values (30, 'Flossie', 'Byham', to_date('1-1-2021','MM-DD-YYYY'), to_date('5-13-1996','MM-DD-YYYY'));
insert into Fall22_S003_10_Customer (C_ID, FName, LName, Acct_St_dt, DOB) values (31, 'Sallie', 'Downton', to_date('7-14-2021','MM-DD-YYYY'), to_date('1-15-1991','MM-DD-YYYY'));
insert into Fall22_S003_10_Customer (C_ID, FName, LName, Acct_St_dt, DOB) values (32, 'Tristam', 'Hawking', to_date('5-25-2021','MM-DD-YYYY'), to_date('1-14-1985','MM-DD-YYYY'));
insert into Fall22_S003_10_Customer (C_ID, FName, LName, Acct_St_dt, DOB) values (33, 'Jarred', 'Spring', to_date('3-24-2021','MM-DD-YYYY'), to_date('9-4-1983','MM-DD-YYYY'));
insert into Fall22_S003_10_Customer (C_ID, FName, LName, Acct_St_dt, DOB) values (34, 'Kordula', 'Robiou', to_date('5-5-2021','MM-DD-YYYY'), to_date('4-16-1994','MM-DD-YYYY'));
insert into Fall22_S003_10_Customer (C_ID, FName, LName, Acct_St_dt, DOB) values (35, 'Netta', 'Vonasek', to_date('5-23-2021','MM-DD-YYYY'), to_date('11-5-1984','MM-DD-YYYY'));
insert into Fall22_S003_10_Customer (C_ID, FName, LName, Acct_St_dt, DOB) values (36, 'Alexandre', 'Arney', to_date('7-8-2021','MM-DD-YYYY'), to_date('7-20-1983','MM-DD-YYYY'));
insert into Fall22_S003_10_Customer (C_ID, FName, LName, Acct_St_dt, DOB) values (37, 'Flossie', 'Feldmus', to_date('2-19-2021','MM-DD-YYYY'), to_date('7-13-1990','MM-DD-YYYY'));
insert into Fall22_S003_10_Customer (C_ID, FName, LName, Acct_St_dt, DOB) values (38, 'Whittaker', 'Cloutt', to_date('11-27-2021','MM-DD-YYYY'), to_date('3-26-2001','MM-DD-YYYY'));
insert into Fall22_S003_10_Customer (C_ID, FName, LName, Acct_St_dt, DOB) values (39, 'Shepperd', 'Hedgecock', to_date('3-25-2021','MM-DD-YYYY'), to_date('3-8-1983','MM-DD-YYYY'));
insert into Fall22_S003_10_Customer (C_ID, FName, LName, Acct_St_dt, DOB) values (40, 'Tedman', 'Ber', to_date('8-2-2021','MM-DD-YYYY'), to_date('4-27-1994','MM-DD-YYYY'));
insert into Fall22_S003_10_Customer (C_ID, FName, LName, Acct_St_dt, DOB) values (41, 'Ethelyn', 'Darwood', to_date('2-14-2021','MM-DD-YYYY'), to_date('12-9-1984','MM-DD-YYYY'));
insert into Fall22_S003_10_Customer (C_ID, FName, LName, Acct_St_dt, DOB) values (42, 'Tades', 'Noore', to_date('7-4-2021','MM-DD-YYYY'), to_date('7-7-1998','MM-DD-YYYY'));
insert into Fall22_S003_10_Customer (C_ID, FName, LName, Acct_St_dt, DOB) values (43, 'Broderick', 'Gladtbach', to_date('8-19-2021','MM-DD-YYYY'), to_date('1-21-2003','MM-DD-YYYY'));
insert into Fall22_S003_10_Customer (C_ID, FName, LName, Acct_St_dt, DOB) values (44, 'Joice', 'Townby', to_date('7-25-2021','MM-DD-YYYY'), to_date('4-27-1994','MM-DD-YYYY'));
insert into Fall22_S003_10_Customer (C_ID, FName, LName, Acct_St_dt, DOB) values (45, 'Brena', 'Landa', to_date('8-25-2021','MM-DD-YYYY'), to_date('4-29-1998','MM-DD-YYYY'));
insert into Fall22_S003_10_Customer (C_ID, FName, LName, Acct_St_dt, DOB) values (46, 'Eada', 'Bisgrove', to_date('3-16-2021','MM-DD-YYYY'), to_date('1-12-1988','MM-DD-YYYY'));
insert into Fall22_S003_10_Customer (C_ID, FName, LName, Acct_St_dt, DOB) values (47, 'Teodoro', 'Scanlan', to_date('12-29-2021','MM-DD-YYYY'), to_date('4-2-1998','MM-DD-YYYY'));
insert into Fall22_S003_10_Customer (C_ID, FName, LName, Acct_St_dt, DOB) values (48, 'Rozanne', 'Roscamp', to_date('6-22-2021','MM-DD-YYYY'), to_date('2-22-1982','MM-DD-YYYY'));
insert into Fall22_S003_10_Customer (C_ID, FName, LName, Acct_St_dt, DOB) values (49, 'Eberhard', 'Snuggs', to_date('1-10-2021','MM-DD-YYYY'), to_date('10-3-2001','MM-DD-YYYY'));
insert into Fall22_S003_10_Customer (C_ID, FName, LName, Acct_St_dt, DOB) values (50, 'Ailene', 'Worssam', to_date('12-23-2021','MM-DD-YYYY'), to_date('9-30-1996','MM-DD-YYYY'));



-- Customer Phone Number Insert Data --

insert into Fall22_S003_10_Customer_Ph_no (C_ID, Ph_No) values (1, '402-995-9371');
insert into Fall22_S003_10_Customer_Ph_no (C_ID, Ph_No) values (2, '746-278-3051');
insert into Fall22_S003_10_Customer_Ph_no (C_ID, Ph_No) values (2, '406-629-1008');
insert into Fall22_S003_10_Customer_Ph_no (C_ID, Ph_No) values (3, '259-682-4983');
insert into Fall22_S003_10_Customer_Ph_no (C_ID, Ph_No) values (3, '607-172-7842');
insert into Fall22_S003_10_Customer_Ph_no (C_ID, Ph_No) values (4, '195-718-3294');
insert into Fall22_S003_10_Customer_Ph_no (C_ID, Ph_No) values (4, '854-389-5128');
insert into Fall22_S003_10_Customer_Ph_no (C_ID, Ph_No) values (5, '213-801-6914');
insert into Fall22_S003_10_Customer_Ph_no (C_ID, Ph_No) values (5, '472-588-9379');
insert into Fall22_S003_10_Customer_Ph_no (C_ID, Ph_No) values (6, '276-418-7045');
insert into Fall22_S003_10_Customer_Ph_no (C_ID, Ph_No) values (7, '789-177-5524');
insert into Fall22_S003_10_Customer_Ph_no (C_ID, Ph_No) values (8, '614-254-1862');
insert into Fall22_S003_10_Customer_Ph_no (C_ID, Ph_No) values (9, '962-206-0126');
insert into Fall22_S003_10_Customer_Ph_no (C_ID, Ph_No) values (10, '773-984-0314');
insert into Fall22_S003_10_Customer_Ph_no (C_ID, Ph_No) values (11, '782-154-4908');
insert into Fall22_S003_10_Customer_Ph_no (C_ID, Ph_No) values (12, '931-112-9282');
insert into Fall22_S003_10_Customer_Ph_no (C_ID, Ph_No) values (12, '493-935-1278');
insert into Fall22_S003_10_Customer_Ph_no (C_ID, Ph_No) values (13, '766-970-9854');
insert into Fall22_S003_10_Customer_Ph_no (C_ID, Ph_No) values (13, '286-358-3313');
insert into Fall22_S003_10_Customer_Ph_no (C_ID, Ph_No) values (14, '664-460-4995');
insert into Fall22_S003_10_Customer_Ph_no (C_ID, Ph_No) values (15, '331-471-6607');
insert into Fall22_S003_10_Customer_Ph_no (C_ID, Ph_No) values (15, '780-161-5769');
insert into Fall22_S003_10_Customer_Ph_no (C_ID, Ph_No) values (16, '410-572-1170');
insert into Fall22_S003_10_Customer_Ph_no (C_ID, Ph_No) values (17, '739-681-4855');
insert into Fall22_S003_10_Customer_Ph_no (C_ID, Ph_No) values (18, '958-829-6892');
insert into Fall22_S003_10_Customer_Ph_no (C_ID, Ph_No) values (18, '213-763-5998');
insert into Fall22_S003_10_Customer_Ph_no (C_ID, Ph_No) values (19, '684-881-0673');
insert into Fall22_S003_10_Customer_Ph_no (C_ID, Ph_No) values (19, '100-511-0962');
insert into Fall22_S003_10_Customer_Ph_no (C_ID, Ph_No) values (20, '511-445-1722');
insert into Fall22_S003_10_Customer_Ph_no (C_ID, Ph_No) values (21, '151-580-0661');
insert into Fall22_S003_10_Customer_Ph_no (C_ID, Ph_No) values (22, '183-222-9809');
insert into Fall22_S003_10_Customer_Ph_no (C_ID, Ph_No) values (23, '644-134-2959');
insert into Fall22_S003_10_Customer_Ph_no (C_ID, Ph_No) values (24, '600-521-9218');
insert into Fall22_S003_10_Customer_Ph_no (C_ID, Ph_No) values (24, '143-505-0463');
insert into Fall22_S003_10_Customer_Ph_no (C_ID, Ph_No) values (25, '263-543-0070');
insert into Fall22_S003_10_Customer_Ph_no (C_ID, Ph_No) values (25, '181-585-9623');
insert into Fall22_S003_10_Customer_Ph_no (C_ID, Ph_No) values (26, '874-635-0926');
insert into Fall22_S003_10_Customer_Ph_no (C_ID, Ph_No) values (27, '541-703-7222');
insert into Fall22_S003_10_Customer_Ph_no (C_ID, Ph_No) values (28, '674-248-7149');
insert into Fall22_S003_10_Customer_Ph_no (C_ID, Ph_No) values (29, '327-946-3768');
insert into Fall22_S003_10_Customer_Ph_no (C_ID, Ph_No) values (29, '159-704-5234');
insert into Fall22_S003_10_Customer_Ph_no (C_ID, Ph_No) values (30, '422-248-8525');
insert into Fall22_S003_10_Customer_Ph_no (C_ID, Ph_No) values (30, '252-806-4613');
insert into Fall22_S003_10_Customer_Ph_no (C_ID, Ph_No) values (31, '196-660-8512');
insert into Fall22_S003_10_Customer_Ph_no (C_ID, Ph_No) values (32, '782-133-0455');
insert into Fall22_S003_10_Customer_Ph_no (C_ID, Ph_No) values (33, '764-894-4284');
insert into Fall22_S003_10_Customer_Ph_no (C_ID, Ph_No) values (33, '706-771-0611');
insert into Fall22_S003_10_Customer_Ph_no (C_ID, Ph_No) values (34, '825-432-0262');
insert into Fall22_S003_10_Customer_Ph_no (C_ID, Ph_No) values (34, '386-975-1098');
insert into Fall22_S003_10_Customer_Ph_no (C_ID, Ph_No) values (35, '330-739-9807');
insert into Fall22_S003_10_Customer_Ph_no (C_ID, Ph_No) values (36, '436-476-7843');
insert into Fall22_S003_10_Customer_Ph_no (C_ID, Ph_No) values (37, '671-756-2617');
insert into Fall22_S003_10_Customer_Ph_no (C_ID, Ph_No) values (37, '788-255-3087');
insert into Fall22_S003_10_Customer_Ph_no (C_ID, Ph_No) values (38, '170-987-4465');
insert into Fall22_S003_10_Customer_Ph_no (C_ID, Ph_No) values (39, '999-470-6182');
insert into Fall22_S003_10_Customer_Ph_no (C_ID, Ph_No) values (39, '619-528-0074');
insert into Fall22_S003_10_Customer_Ph_no (C_ID, Ph_No) values (40, '950-239-8893');
insert into Fall22_S003_10_Customer_Ph_no (C_ID, Ph_No) values (40, '784-521-8696');
insert into Fall22_S003_10_Customer_Ph_no (C_ID, Ph_No) values (41, '187-929-1089');
insert into Fall22_S003_10_Customer_Ph_no (C_ID, Ph_No) values (42, '210-133-4299');
insert into Fall22_S003_10_Customer_Ph_no (C_ID, Ph_No) values (43, '889-821-9340');
insert into Fall22_S003_10_Customer_Ph_no (C_ID, Ph_No) values (44, '541-123-7702');
insert into Fall22_S003_10_Customer_Ph_no (C_ID, Ph_No) values (45, '299-380-1217');
insert into Fall22_S003_10_Customer_Ph_no (C_ID, Ph_No) values (46, '325-530-4647');
insert into Fall22_S003_10_Customer_Ph_no (C_ID, Ph_No) values (47, '223-260-5739');
insert into Fall22_S003_10_Customer_Ph_no (C_ID, Ph_No) values (47, '142-578-5325');
insert into Fall22_S003_10_Customer_Ph_no (C_ID, Ph_No) values (48, '501-587-6151');
insert into Fall22_S003_10_Customer_Ph_no (C_ID, Ph_No) values (49, '602-817-8946');
insert into Fall22_S003_10_Customer_Ph_no (C_ID, Ph_No) values (50, '700-657-6494');
insert into Fall22_S003_10_Customer_Ph_no (C_ID, Ph_No) values (50, '964-326-5795');



-- Driver Insert Data --

insert into Fall22_S003_10_Driver (License_No, Dname, D_Ph_No, DOB) values ('545-16-6583', 'Matthus', '235-231-7694', to_date('01-31-1983','MM-DD-YYYY'));
insert into Fall22_S003_10_Driver (License_No, Dname, D_Ph_No, DOB) values ('174-22-2227', 'Marilin', '783-851-2536', to_date('01-25-1978','MM-DD-YYYY'));
insert into Fall22_S003_10_Driver (License_No, Dname, D_Ph_No, DOB) values ('269-79-4569', 'Aluino', '357-183-9919', to_date('01-12-1973','MM-DD-YYYY'));
insert into Fall22_S003_10_Driver (License_No, Dname, D_Ph_No, DOB) values ('656-98-2218', 'Shae', '639-732-4705', to_date('10-26-1997','MM-DD-YYYY'));
insert into Fall22_S003_10_Driver (License_No, Dname, D_Ph_No, DOB) values ('845-24-7667', 'Felix', '221-829-9248', to_date('11-28-1975','MM-DD-YYYY'));
insert into Fall22_S003_10_Driver (License_No, Dname, D_Ph_No, DOB) values ('509-89-3922', 'Bobbye', '970-827-3390', to_date('11-16-1970','MM-DD-YYYY'));
insert into Fall22_S003_10_Driver (License_No, Dname, D_Ph_No, DOB) values ('809-68-6468', 'Saraann', '854-169-1671', to_date('05-30-1978','MM-DD-YYYY'));
insert into Fall22_S003_10_Driver (License_No, Dname, D_Ph_No, DOB) values ('368-59-6299', 'Ignacius', '299-584-7633', to_date('10-11-1990','MM-DD-YYYY'));
insert into Fall22_S003_10_Driver (License_No, Dname, D_Ph_No, DOB) values ('756-24-9342', 'Jermayne', '157-792-7768', to_date('08-21-1984','MM-DD-YYYY'));
insert into Fall22_S003_10_Driver (License_No, Dname, D_Ph_No, DOB) values ('762-05-7614', 'Drake', '884-901-1437', to_date('04-05-1974','MM-DD-YYYY'));
insert into Fall22_S003_10_Driver (License_No, Dname, D_Ph_No, DOB) values ('250-21-2868', 'Meredith', '538-417-7728', to_date('05-21-2000','MM-DD-YYYY'));
insert into Fall22_S003_10_Driver (License_No, Dname, D_Ph_No, DOB) values ('636-16-1113', 'Dunstan', '777-504-6194', to_date('02-19-1979','MM-DD-YYYY'));
insert into Fall22_S003_10_Driver (License_No, Dname, D_Ph_No, DOB) values ('497-66-9490', 'Marlon', '331-272-1478', to_date('08-17-2000','MM-DD-YYYY'));
insert into Fall22_S003_10_Driver (License_No, Dname, D_Ph_No, DOB) values ('529-14-4097', 'Rhett', '365-818-4431', to_date('09-07-1970','MM-DD-YYYY'));
insert into Fall22_S003_10_Driver (License_No, Dname, D_Ph_No, DOB) values ('742-12-0358', 'Blondie', '149-835-4312', to_date('07-23-1971','MM-DD-YYYY'));
insert into Fall22_S003_10_Driver (License_No, Dname, D_Ph_No, DOB) values ('208-71-2079', 'Marco', '752-447-2355', to_date('11-26-1978','MM-DD-YYYY'));
insert into Fall22_S003_10_Driver (License_No, Dname, D_Ph_No, DOB) values ('843-24-3267', 'Dulcy', '531-155-6061', to_date('04-30-1999','MM-DD-YYYY'));
insert into Fall22_S003_10_Driver (License_No, Dname, D_Ph_No, DOB) values ('126-84-4220', 'Selia', '217-203-0141', to_date('03-17-1981','MM-DD-YYYY'));
insert into Fall22_S003_10_Driver (License_No, Dname, D_Ph_No, DOB) values ('306-35-0677', 'Lorry', '508-786-5278', to_date('04-13-1974','MM-DD-YYYY'));
insert into Fall22_S003_10_Driver (License_No, Dname, D_Ph_No, DOB) values ('597-47-6011', 'Hendrick', '754-248-8366', to_date('03-16-1988','MM-DD-YYYY'));
insert into Fall22_S003_10_Driver (License_No, Dname, D_Ph_No, DOB) values ('398-99-2062', 'Gradeigh', '233-624-8525', to_date('12-01-1977','MM-DD-YYYY'));
insert into Fall22_S003_10_Driver (License_No, Dname, D_Ph_No, DOB) values ('705-28-0792', 'Hyatt', '722-215-5511', to_date('04-29-1983','MM-DD-YYYY'));
insert into Fall22_S003_10_Driver (License_No, Dname, D_Ph_No, DOB) values ('329-18-3790', 'Sophey', '443-295-8243', to_date('05-20-1992','MM-DD-YYYY'));
insert into Fall22_S003_10_Driver (License_No, Dname, D_Ph_No, DOB) values ('295-30-2813', 'Judah', '856-664-8853', to_date('04-19-1995','MM-DD-YYYY'));
insert into Fall22_S003_10_Driver (License_No, Dname, D_Ph_No, DOB) values ('298-66-6421', 'Corilla', '257-223-2149', to_date('06-11-1977','MM-DD-YYYY'));
insert into Fall22_S003_10_Driver (License_No, Dname, D_Ph_No, DOB) values ('526-05-3163', 'Craig', '705-430-5249', to_date('10-12-1985','MM-DD-YYYY'));
insert into Fall22_S003_10_Driver (License_No, Dname, D_Ph_No, DOB) values ('188-77-7694', 'Abagael', '301-260-5288', to_date('03-10-1978','MM-DD-YYYY'));
insert into Fall22_S003_10_Driver (License_No, Dname, D_Ph_No, DOB) values ('711-18-0980', 'Geralda', '462-413-5516', to_date('07-27-1996','MM-DD-YYYY'));
insert into Fall22_S003_10_Driver (License_No, Dname, D_Ph_No, DOB) values ('492-33-5793', 'Loella', '715-302-8909', to_date('08-10-1975','MM-DD-YYYY'));
insert into Fall22_S003_10_Driver (License_No, Dname, D_Ph_No, DOB) values ('511-87-9083', 'Hilliary', '705-625-3924', to_date('12-31-1972','MM-DD-YYYY'));
insert into Fall22_S003_10_Driver (License_No, Dname, D_Ph_No, DOB) values ('200-66-6338', 'Gilbertine', '293-264-9074', to_date('02-13-1989','MM-DD-YYYY'));
insert into Fall22_S003_10_Driver (License_No, Dname, D_Ph_No, DOB) values ('496-47-1426', 'Halley', '315-108-1558', to_date('08-14-1977','MM-DD-YYYY'));
insert into Fall22_S003_10_Driver (License_No, Dname, D_Ph_No, DOB) values ('186-76-4676', 'Elihu', '128-485-0125', to_date('12-30-1972','MM-DD-YYYY'));
insert into Fall22_S003_10_Driver (License_No, Dname, D_Ph_No, DOB) values ('873-24-3207', 'Brena', '945-841-5076', to_date('08-01-1999','MM-DD-YYYY'));
insert into Fall22_S003_10_Driver (License_No, Dname, D_Ph_No, DOB) values ('761-60-1130', 'Benedikt', '648-871-9470', to_date('06-01-2001','MM-DD-YYYY'));
insert into Fall22_S003_10_Driver (License_No, Dname, D_Ph_No, DOB) values ('575-14-0796', 'Frieda', '240-657-6280', to_date('01-12-2000','MM-DD-YYYY'));
insert into Fall22_S003_10_Driver (License_No, Dname, D_Ph_No, DOB) values ('259-88-3512', 'Dimitry', '558-648-9475', to_date('11-26-2000','MM-DD-YYYY'));
insert into Fall22_S003_10_Driver (License_No, Dname, D_Ph_No, DOB) values ('130-85-3453', 'Cynthy', '114-431-7519', to_date('11-18-1972','MM-DD-YYYY'));
insert into Fall22_S003_10_Driver (License_No, Dname, D_Ph_No, DOB) values ('240-73-8365', 'Pietrek', '884-791-2849', to_date('11-17-1984','MM-DD-YYYY'));
insert into Fall22_S003_10_Driver (License_No, Dname, D_Ph_No, DOB) values ('518-19-9309', 'Gilles', '349-323-2084', to_date('03-17-1989','MM-DD-YYYY'));



-- Vehicle Insert Data --

insert into Fall22_S003_10_Vehicle (V_Id, Category, License_No) values ('V01', 'SUV', '545-16-6583');
insert into Fall22_S003_10_Vehicle (V_Id, Category, License_No) values ('V02', 'SUV', '174-22-2227');
insert into Fall22_S003_10_Vehicle (V_Id, Category, License_No) values ('V03', 'SUV', '269-79-4569');
insert into Fall22_S003_10_Vehicle (V_Id, Category, License_No) values ('V04', 'SUV', '656-98-2218');
insert into Fall22_S003_10_Vehicle (V_Id, Category, License_No) values ('V05', 'SUV', '845-24-7667');
insert into Fall22_S003_10_Vehicle (V_Id, Category, License_No) values ('V06', 'SUV', '509-89-3922');
insert into Fall22_S003_10_Vehicle (V_Id, Category, License_No) values ('V07', 'SUV', '809-68-6468');
insert into Fall22_S003_10_Vehicle (V_Id, Category, License_No) values ('V08', 'SUV', '368-59-6299');
insert into Fall22_S003_10_Vehicle (V_Id, Category, License_No) values ('V09', 'SUV', '756-24-9342');
insert into Fall22_S003_10_Vehicle (V_Id, Category, License_No) values ('V10', 'SUV', '762-05-7614');
insert into Fall22_S003_10_Vehicle (V_Id, Category, License_No) values ('V11', 'SUV Premium', '250-21-2868');
insert into Fall22_S003_10_Vehicle (V_Id, Category, License_No) values ('V12', 'SUV Premium', '636-16-1113');
insert into Fall22_S003_10_Vehicle (V_Id, Category, License_No) values ('V13', 'SUV Premium', '497-66-9490');
insert into Fall22_S003_10_Vehicle (V_Id, Category, License_No) values ('V14', 'SUV Premium', '529-14-4097');
insert into Fall22_S003_10_Vehicle (V_Id, Category, License_No) values ('V15', 'SUV Premium', '742-12-0358');
insert into Fall22_S003_10_Vehicle (V_Id, Category, License_No) values ('V16', 'Sedan', '208-71-2079');
insert into Fall22_S003_10_Vehicle (V_Id, Category, License_No) values ('V17', 'Sedan', '843-24-3267');
insert into Fall22_S003_10_Vehicle (V_Id, Category, License_No) values ('V18', 'Sedan', '126-84-4220');
insert into Fall22_S003_10_Vehicle (V_Id, Category, License_No) values ('V19', 'Sedan', '306-35-0677');
insert into Fall22_S003_10_Vehicle (V_Id, Category, License_No) values ('V20', 'Sedan Premium', '597-47-6011');
insert into Fall22_S003_10_Vehicle (V_Id, Category, License_No) values ('V21', 'Sedan Premium', '398-99-2062');
insert into Fall22_S003_10_Vehicle (V_Id, Category, License_No) values ('V22', 'Sedan Premium', '705-28-0792');
insert into Fall22_S003_10_Vehicle (V_Id, Category, License_No) values ('V23', 'Compact', '329-18-3790');
insert into Fall22_S003_10_Vehicle (V_Id, Category, License_No) values ('V24', 'Compact', '295-30-2813');
insert into Fall22_S003_10_Vehicle (V_Id, Category, License_No) values ('V25', 'Compact', '298-66-6421');
insert into Fall22_S003_10_Vehicle (V_Id, Category, License_No) values ('V26', 'Compact', '526-05-3163');
insert into Fall22_S003_10_Vehicle (V_Id, Category, License_No) values ('V27', 'Compact', '188-77-7694');
insert into Fall22_S003_10_Vehicle (V_Id, Category, License_No) values ('V28', 'Compact', '711-18-0980');
insert into Fall22_S003_10_Vehicle (V_Id, Category, License_No) values ('V29', 'Compact Premium', '492-33-5793');
insert into Fall22_S003_10_Vehicle (V_Id, Category, License_No) values ('V30', 'Compact Premium', '511-87-9083');
insert into Fall22_S003_10_Vehicle (V_Id, Category, License_No) values ('V31', 'Compact', '200-66-6338');
insert into Fall22_S003_10_Vehicle (V_Id, Category, License_No) values ('V32', 'Sedan', '496-47-1426');
insert into Fall22_S003_10_Vehicle (V_Id, Category, License_No) values ('V33', 'Sedan', '186-76-4676');
insert into Fall22_S003_10_Vehicle (V_Id, Category, License_No) values ('V34', 'Compact', '873-24-3207');
insert into Fall22_S003_10_Vehicle (V_Id, Category, License_No) values ('V35', 'Compact Premium', '761-60-1130');
insert into Fall22_S003_10_Vehicle (V_Id, Category, License_No) values ('V36', 'Compact Premium', '575-14-0796');
insert into Fall22_S003_10_Vehicle (V_Id, Category, License_No) values ('V37', 'Compact Premium', '259-88-3512');
insert into Fall22_S003_10_Vehicle (V_Id, Category, License_No) values ('V38', 'Sedan Premium', '130-85-3453');
insert into Fall22_S003_10_Vehicle (V_Id, Category, License_No) values ('V39', 'Sedan Premium', '240-73-8365');
insert into Fall22_S003_10_Vehicle (V_Id, Category, License_No) values ('V40', 'Compact Premium', '518-19-9309');



-- Pass Insert Data --

insert into Fall22_S003_10_Pass (Pass_Id, C_ID, P_St_dt, P_End_dt) values ('8155217965', 1, to_date('01-16-2021','MM-DD-YYYY'), to_date('02-15-2021','MM-DD-YYYY'));
insert into Fall22_S003_10_Pass (Pass_Id, C_ID, P_St_dt, P_End_dt) values ('9680195570', 2, to_date('12-19-2021','MM-DD-YYYY'), to_date('01-18-2022','MM-DD-YYYY'));
insert into Fall22_S003_10_Pass (Pass_Id, C_ID, P_St_dt, P_End_dt) values ('5607744981', 3, to_date('07-07-2021','MM-DD-YYYY'), to_date('08-06-2021','MM-DD-YYYY'));
insert into Fall22_S003_10_Pass (Pass_Id, C_ID, P_St_dt, P_End_dt) values ('4329587149', 4, to_date('09-30-2021','MM-DD-YYYY'), to_date('10-31-2021','MM-DD-YYYY'));
insert into Fall22_S003_10_Pass (Pass_Id, C_ID, P_St_dt, P_End_dt) values ('0886366933', 5, to_date('01-31-2021','MM-DD-YYYY'), to_date('03-02-2021','MM-DD-YYYY'));
insert into Fall22_S003_10_Pass (Pass_Id, C_ID, P_St_dt, P_End_dt) values ('5104531740', 6, to_date('10-10-2021','MM-DD-YYYY'), to_date('11-09-2021','MM-DD-YYYY'));
insert into Fall22_S003_10_Pass (Pass_Id, C_ID, P_St_dt, P_End_dt) values ('7294159963', 7, to_date('07-01-2021','MM-DD-YYYY'), to_date('07-31-2021','MM-DD-YYYY'));
insert into Fall22_S003_10_Pass (Pass_Id, C_ID, P_St_dt, P_End_dt) values ('7290415043', 8, to_date('03-20-2021','MM-DD-YYYY'), to_date('04-19-2021','MM-DD-YYYY'));
insert into Fall22_S003_10_Pass (Pass_Id, C_ID, P_St_dt, P_End_dt) values ('1845900227', 9, to_date('06-19-2021','MM-DD-YYYY'), to_date('07-19-2021','MM-DD-YYYY'));
insert into Fall22_S003_10_Pass (Pass_Id, C_ID, P_St_dt, P_End_dt) values ('8043862710', 10, to_date('11-07-2021','MM-DD-YYYY'), to_date('12-07-2021','MM-DD-YYYY'));
insert into Fall22_S003_10_Pass (Pass_Id, C_ID, P_St_dt, P_End_dt) values ('6799423179', 11, to_date('03-07-2021','MM-DD-YYYY'), to_date('04-06-2021','MM-DD-YYYY'));
insert into Fall22_S003_10_Pass (Pass_Id, C_ID, P_St_dt, P_End_dt) values ('1217255869', 12, to_date('07-13-2021','MM-DD-YYYY'), to_date('08-12-2021','MM-DD-YYYY'));
insert into Fall22_S003_10_Pass (Pass_Id, C_ID, P_St_dt, P_End_dt) values ('3193298239', 13, to_date('11-22-2021','MM-DD-YYYY'), to_date('12-22-2021','MM-DD-YYYY'));
insert into Fall22_S003_10_Pass (Pass_Id, C_ID, P_St_dt, P_End_dt) values ('1016299435', 14, to_date('07-25-2021','MM-DD-YYYY'), to_date('08-24-2021','MM-DD-YYYY'));
insert into Fall22_S003_10_Pass (Pass_Id, C_ID, P_St_dt, P_End_dt) values ('4966251877', 15, to_date('02-16-2021','MM-DD-YYYY'), to_date('03-18-2021','MM-DD-YYYY'));
insert into Fall22_S003_10_Pass (Pass_Id, C_ID, P_St_dt, P_End_dt) values ('2180509855', 16, to_date('06-12-2021','MM-DD-YYYY'), to_date('07-12-2021','MM-DD-YYYY'));
insert into Fall22_S003_10_Pass (Pass_Id, C_ID, P_St_dt, P_End_dt) values ('0114077363', 17, to_date('03-14-2021','MM-DD-YYYY'), to_date('04-13-2021','MM-DD-YYYY'));
insert into Fall22_S003_10_Pass (Pass_Id, C_ID, P_St_dt, P_End_dt) values ('4778661656', 18, to_date('01-21-2021','MM-DD-YYYY'), to_date('02-20-2021','MM-DD-YYYY'));
insert into Fall22_S003_10_Pass (Pass_Id, C_ID, P_St_dt, P_End_dt) values ('2979506850', 19, to_date('06-15-2021','MM-DD-YYYY'), to_date('07-15-2021','MM-DD-YYYY'));
insert into Fall22_S003_10_Pass (Pass_Id, C_ID, P_St_dt, P_End_dt) values ('8937530635', 20, to_date('05-09-2021','MM-DD-YYYY'), to_date('06-08-2021','MM-DD-YYYY'));
insert into Fall22_S003_10_Pass (Pass_Id, C_ID, P_St_dt, P_End_dt) values ('9207562995', 21, to_date('05-29-2021','MM-DD-YYYY'), to_date('11-25-2021','MM-DD-YYYY'));
insert into Fall22_S003_10_Pass (Pass_Id, C_ID, P_St_dt, P_End_dt) values ('8689995218', 22, to_date('02-15-2021','MM-DD-YYYY'), to_date('08-14-2021','MM-DD-YYYY'));
insert into Fall22_S003_10_Pass (Pass_Id, C_ID, P_St_dt, P_End_dt) values ('6691944569', 23, to_date('04-15-2021','MM-DD-YYYY'), to_date('10-12-2021','MM-DD-YYYY'));
insert into Fall22_S003_10_Pass (Pass_Id, C_ID, P_St_dt, P_End_dt) values ('3385329701', 24, to_date('07-26-2021','MM-DD-YYYY'), to_date('01-22-2022','MM-DD-YYYY'));
insert into Fall22_S003_10_Pass (Pass_Id, C_ID, P_St_dt, P_End_dt) values ('9614356049', 25, to_date('09-20-2021','MM-DD-YYYY'), to_date('03-19-2022','MM-DD-YYYY'));
insert into Fall22_S003_10_Pass (Pass_Id, C_ID, P_St_dt, P_End_dt) values ('2387653483', 26, to_date('06-24-2021','MM-DD-YYYY'), to_date('12-21-2021','MM-DD-YYYY'));
insert into Fall22_S003_10_Pass (Pass_Id, C_ID, P_St_dt, P_End_dt) values ('9962739977', 27, to_date('04-07-2021','MM-DD-YYYY'), to_date('10-04-2021','MM-DD-YYYY'));
insert into Fall22_S003_10_Pass (Pass_Id, C_ID, P_St_dt, P_End_dt) values ('4440520634', 28, to_date('12-05-2021','MM-DD-YYYY'), to_date('06-03-2022','MM-DD-YYYY'));
insert into Fall22_S003_10_Pass (Pass_Id, C_ID, P_St_dt, P_End_dt) values ('2275881360', 29, to_date('11-20-2021','MM-DD-YYYY'), to_date('05-19-2022','MM-DD-YYYY'));
insert into Fall22_S003_10_Pass (Pass_Id, C_ID, P_St_dt, P_End_dt) values ('2953742123', 30, to_date('01-01-2021','MM-DD-YYYY'), to_date('06-30-2022','MM-DD-YYYY'));
insert into Fall22_S003_10_Pass (Pass_Id, C_ID, P_St_dt, P_End_dt) values ('1283899345', 31, to_date('07-14-2021','MM-DD-YYYY'), to_date('07-14-2022','MM-DD-YYYY'));
insert into Fall22_S003_10_Pass (Pass_Id, C_ID, P_St_dt, P_End_dt) values ('8021391405', 32, to_date('05-25-2021','MM-DD-YYYY'), to_date('05-25-2022','MM-DD-YYYY'));
insert into Fall22_S003_10_Pass (Pass_Id, C_ID, P_St_dt, P_End_dt) values ('6290626035', 33, to_date('03-24-2021','MM-DD-YYYY'), to_date('03-24-2022','MM-DD-YYYY'));
insert into Fall22_S003_10_Pass (Pass_Id, C_ID, P_St_dt, P_End_dt) values ('6961055532', 34, to_date('05-05-2021','MM-DD-YYYY'), to_date('05-05-2022','MM-DD-YYYY'));
insert into Fall22_S003_10_Pass (Pass_Id, C_ID, P_St_dt, P_End_dt) values ('3152427972', 35, to_date('05-23-2021','MM-DD-YYYY'), to_date('05-23-2022','MM-DD-YYYY'));
insert into Fall22_S003_10_Pass (Pass_Id, C_ID, P_St_dt, P_End_dt) values ('3771442427', 36, to_date('07-08-2021','MM-DD-YYYY'), to_date('07-08-2022','MM-DD-YYYY'));
insert into Fall22_S003_10_Pass (Pass_Id, C_ID, P_St_dt, P_End_dt) values ('8280667415', 37, to_date('02-19-2021','MM-DD-YYYY'), to_date('02-19-2022','MM-DD-YYYY'));
insert into Fall22_S003_10_Pass (Pass_Id, C_ID, P_St_dt, P_End_dt) values ('2925151213', 38, to_date('11-27-2021','MM-DD-YYYY'), to_date('11-27-2022','MM-DD-YYYY'));
insert into Fall22_S003_10_Pass (Pass_Id, C_ID, P_St_dt, P_End_dt) values ('0568005988', 39, to_date('03-25-2021','MM-DD-YYYY'), to_date('03-25-2022','MM-DD-YYYY'));
insert into Fall22_S003_10_Pass (Pass_Id, C_ID, P_St_dt, P_End_dt) values ('3961233306', 40, to_date('08-02-2021','MM-DD-YYYY'), to_date('08-02-2022','MM-DD-YYYY'));



-- Location Insert Data --

insert into Fall22_S003_10_Location (Zipcode, L_Type) values ('0001', 'University');
insert into Fall22_S003_10_Location (Zipcode, L_Type) values ('0002', 'University');
insert into Fall22_S003_10_Location (Zipcode, L_Type) values ('0003', 'University');
insert into Fall22_S003_10_Location (Zipcode, L_Type) values ('0004', 'University');
insert into Fall22_S003_10_Location (Zipcode, L_Type) values ('0005', 'University');
insert into Fall22_S003_10_Location (Zipcode, L_Type) values ('0006', 'University');
insert into Fall22_S003_10_Location (Zipcode, L_Type) values ('0007', 'University');
insert into Fall22_S003_10_Location (Zipcode, L_Type) values ('0008', 'University');
insert into Fall22_S003_10_Location (Zipcode, L_Type) values ('0009', 'University');
insert into Fall22_S003_10_Location (Zipcode, L_Type) values ('0010', 'University');
insert into Fall22_S003_10_Location (Zipcode, L_Type) values ('0011', 'Commercial');
insert into Fall22_S003_10_Location (Zipcode, L_Type) values ('0012', 'Commercial');
insert into Fall22_S003_10_Location (Zipcode, L_Type) values ('0013', 'Commercial');
insert into Fall22_S003_10_Location (Zipcode, L_Type) values ('0014', 'Commercial');
insert into Fall22_S003_10_Location (Zipcode, L_Type) values ('0015', 'Commercial');
insert into Fall22_S003_10_Location (Zipcode, L_Type) values ('0016', 'Commercial');
insert into Fall22_S003_10_Location (Zipcode, L_Type) values ('0017', 'Commercial');
insert into Fall22_S003_10_Location (Zipcode, L_Type) values ('0018', 'Commercial');
insert into Fall22_S003_10_Location (Zipcode, L_Type) values ('0019', 'Commercial');
insert into Fall22_S003_10_Location (Zipcode, L_Type) values ('0020', 'Commercial');
insert into Fall22_S003_10_Location (Zipcode, L_Type) values ('0021', 'Residential');
insert into Fall22_S003_10_Location (Zipcode, L_Type) values ('0022', 'Residential');
insert into Fall22_S003_10_Location (Zipcode, L_Type) values ('0023', 'Residential');
insert into Fall22_S003_10_Location (Zipcode, L_Type) values ('0024', 'Residential');
insert into Fall22_S003_10_Location (Zipcode, L_Type) values ('0025', 'Residential');
insert into Fall22_S003_10_Location (Zipcode, L_Type) values ('0026', 'Residential');
insert into Fall22_S003_10_Location (Zipcode, L_Type) values ('0027', 'Residential');
insert into Fall22_S003_10_Location (Zipcode, L_Type) values ('0028', 'Residential');
insert into Fall22_S003_10_Location (Zipcode, L_Type) values ('0029', 'Residential');
insert into Fall22_S003_10_Location (Zipcode, L_Type) values ('0030', 'Residential');
insert into Fall22_S003_10_Location (Zipcode, L_Type) values ('0031', 'Industrial');
insert into Fall22_S003_10_Location (Zipcode, L_Type) values ('0032', 'Industrial');
insert into Fall22_S003_10_Location (Zipcode, L_Type) values ('0033', 'Industrial');
insert into Fall22_S003_10_Location (Zipcode, L_Type) values ('0034', 'Industrial');
insert into Fall22_S003_10_Location (Zipcode, L_Type) values ('0035', 'Industrial');
insert into Fall22_S003_10_Location (Zipcode, L_Type) values ('0036', 'Industrial');
insert into Fall22_S003_10_Location (Zipcode, L_Type) values ('0037', 'Industrial');
insert into Fall22_S003_10_Location (Zipcode, L_Type) values ('0038', 'Industrial');
insert into Fall22_S003_10_Location (Zipcode, L_Type) values ('0039', 'Industrial');
insert into Fall22_S003_10_Location (Zipcode, L_Type) values ('0040', 'Industrial');


-- Goes From Insert Data --

insert into Fall22_S003_10_Goes_From (V_Id, Zipcode) values ('V01', '0024');
insert into Fall22_S003_10_Goes_From (V_Id, Zipcode) values ('V02', '0024');
insert into Fall22_S003_10_Goes_From (V_Id, Zipcode) values ('V13', '0009');
insert into Fall22_S003_10_Goes_From (V_Id, Zipcode) values ('V09', '0024');
insert into Fall22_S003_10_Goes_From (V_Id, Zipcode) values ('V22', '0024');
insert into Fall22_S003_10_Goes_From (V_Id, Zipcode) values ('V06', '0005');
insert into Fall22_S003_10_Goes_From (V_Id, Zipcode) values ('V17', '0012');
insert into Fall22_S003_10_Goes_From (V_Id, Zipcode) values ('V28', '0012');
insert into Fall22_S003_10_Goes_From (V_Id, Zipcode) values ('V01', '0010');
insert into Fall22_S003_10_Goes_From (V_Id, Zipcode) values ('V10', '0007');
insert into Fall22_S003_10_Goes_From (V_Id, Zipcode) values ('V07', '0013');
insert into Fall22_S003_10_Goes_From (V_Id, Zipcode) values ('V04', '0006');
insert into Fall22_S003_10_Goes_From (V_Id, Zipcode) values ('V14', '0024');
insert into Fall22_S003_10_Goes_From (V_Id, Zipcode) values ('V20', '0027');
insert into Fall22_S003_10_Goes_From (V_Id, Zipcode) values ('V12', '0027');
insert into Fall22_S003_10_Goes_From (V_Id, Zipcode) values ('V12', '0024');
insert into Fall22_S003_10_Goes_From (V_Id, Zipcode) values ('V11', '0035');
insert into Fall22_S003_10_Goes_From (V_Id, Zipcode) values ('V05', '0039');
insert into Fall22_S003_10_Goes_From (V_Id, Zipcode) values ('V10', '0023');
insert into Fall22_S003_10_Goes_From (V_Id, Zipcode) values ('V03', '0024');
insert into Fall22_S003_10_Goes_From (V_Id, Zipcode) values ('V13', '0024');
insert into Fall22_S003_10_Goes_From (V_Id, Zipcode) values ('V07', '0015');
insert into Fall22_S003_10_Goes_From (V_Id, Zipcode) values ('V23', '0016');
insert into Fall22_S003_10_Goes_From (V_Id, Zipcode) values ('V01', '0026');
insert into Fall22_S003_10_Goes_From (V_Id, Zipcode) values ('V15', '0017');
insert into Fall22_S003_10_Goes_From (V_Id, Zipcode) values ('V22', '0029');
insert into Fall22_S003_10_Goes_From (V_Id, Zipcode) values ('V06', '0024');
insert into Fall22_S003_10_Goes_From (V_Id, Zipcode) values ('V02', '0018');
insert into Fall22_S003_10_Goes_From (V_Id, Zipcode) values ('V16', '0024');
insert into Fall22_S003_10_Goes_From (V_Id, Zipcode) values ('V28', '0019');
insert into Fall22_S003_10_Goes_From (V_Id, Zipcode) values ('V17', '0026');
insert into Fall22_S003_10_Goes_From (V_Id, Zipcode) values ('V10', '0012');
insert into Fall22_S003_10_Goes_From (V_Id, Zipcode) values ('V21', '0024');
insert into Fall22_S003_10_Goes_From (V_Id, Zipcode) values ('V19', '0024');
insert into Fall22_S003_10_Goes_From (V_Id, Zipcode) values ('V24', '0020');
insert into Fall22_S003_10_Goes_From (V_Id, Zipcode) values ('V27', '0031');
insert into Fall22_S003_10_Goes_From (V_Id, Zipcode) values ('V13', '0025');
insert into Fall22_S003_10_Goes_From (V_Id, Zipcode) values ('V26', '0024');
insert into Fall22_S003_10_Goes_From (V_Id, Zipcode) values ('V20', '0001');
insert into Fall22_S003_10_Goes_From (V_Id, Zipcode) values ('V25', '0002');
insert into Fall22_S003_10_Goes_From (V_Id, Zipcode) values ('V01', '0022');
insert into Fall22_S003_10_Goes_From (V_Id, Zipcode) values ('V02', '0033');
insert into Fall22_S003_10_Goes_From (V_Id, Zipcode) values ('V03', '0036');
insert into Fall22_S003_10_Goes_From (V_Id, Zipcode) values ('V35', '0033');
insert into Fall22_S003_10_Goes_From (V_Id, Zipcode) values ('V36', '0014');
insert into Fall22_S003_10_Goes_From (V_Id, Zipcode) values ('V37', '0015');
insert into Fall22_S003_10_Goes_From (V_Id, Zipcode) values ('V35', '0016');
insert into Fall22_S003_10_Goes_From (V_Id, Zipcode) values ('V40', '0040');
insert into Fall22_S003_10_Goes_From (V_Id, Zipcode) values ('V11', '0039');
insert into Fall22_S003_10_Goes_From (V_Id, Zipcode) values ('V12', '0038');



-- Goes To Insert Data --

insert into Fall22_S003_10_Goes_To (V_Id, Zipcode) Values ('V01', '0009');
insert into Fall22_S003_10_Goes_To (V_Id, Zipcode) Values ('V02', '0009');
insert into Fall22_S003_10_Goes_To (V_Id, Zipcode) Values ('V13', '0039');
insert into Fall22_S003_10_Goes_To (V_Id, Zipcode) Values ('V09', '0008');
insert into Fall22_S003_10_Goes_To (V_Id, Zipcode) Values ('V22', '0010');
insert into Fall22_S003_10_Goes_To (V_Id, Zipcode) Values ('V06', '0009');
insert into Fall22_S003_10_Goes_To (V_Id, Zipcode) Values ('V17', '0008');
insert into Fall22_S003_10_Goes_To (V_Id, Zipcode) Values ('V28', '0009');
insert into Fall22_S003_10_Goes_To (V_Id, Zipcode) Values ('V01', '0013');
insert into Fall22_S003_10_Goes_To (V_Id, Zipcode) Values ('V10', '0009');
insert into Fall22_S003_10_Goes_To (V_Id, Zipcode) Values ('V07', '0006');
insert into Fall22_S003_10_Goes_To (V_Id, Zipcode) Values ('V04', '0011');
insert into Fall22_S003_10_Goes_To (V_Id, Zipcode) Values ('V14', '0020');
insert into Fall22_S003_10_Goes_To (V_Id, Zipcode) Values ('V20', '0008');
insert into Fall22_S003_10_Goes_To (V_Id, Zipcode) Values ('V12', '0009');
insert into Fall22_S003_10_Goes_To (V_Id, Zipcode) Values ('V12', '0031');
insert into Fall22_S003_10_Goes_To (V_Id, Zipcode) Values ('V11', '0017');
insert into Fall22_S003_10_Goes_To (V_Id, Zipcode) Values ('V05', '0005');
insert into Fall22_S003_10_Goes_To (V_Id, Zipcode) Values ('V10', '0012');
insert into Fall22_S003_10_Goes_To (V_Id, Zipcode) Values ('V03', '0009');
insert into Fall22_S003_10_Goes_To (V_Id, Zipcode) Values ('V13', '0040');
insert into Fall22_S003_10_Goes_To (V_Id, Zipcode) Values ('V07', '0014');
insert into Fall22_S003_10_Goes_To (V_Id, Zipcode) Values ('V23', '0027');
insert into Fall22_S003_10_Goes_To (V_Id, Zipcode) Values ('V01', '0004');
insert into Fall22_S003_10_Goes_To (V_Id, Zipcode) Values ('V15', '0033');
insert into Fall22_S003_10_Goes_To (V_Id, Zipcode) Values ('V22', '0009');
insert into Fall22_S003_10_Goes_To (V_Id, Zipcode) Values ('V06', '0011');
insert into Fall22_S003_10_Goes_To (V_Id, Zipcode) Values ('V02', '0027');
insert into Fall22_S003_10_Goes_To (V_Id, Zipcode) Values ('V16', '0009');
insert into Fall22_S003_10_Goes_To (V_Id, Zipcode) Values ('V28', '0013');
insert into Fall22_S003_10_Goes_To (V_Id, Zipcode) Values ('V17', '0009');
insert into Fall22_S003_10_Goes_To (V_Id, Zipcode) Values ('V10', '0026');
insert into Fall22_S003_10_Goes_To (V_Id, Zipcode) Values ('V21', '0001');
insert into Fall22_S003_10_Goes_To (V_Id, Zipcode) Values ('V19', '0017');
insert into Fall22_S003_10_Goes_To (V_Id, Zipcode) Values ('V24', '0009');
insert into Fall22_S003_10_Goes_To (V_Id, Zipcode) Values ('V27', '0034');
insert into Fall22_S003_10_Goes_To (V_Id, Zipcode) Values ('V13', '0006');
insert into Fall22_S003_10_Goes_To (V_Id, Zipcode) Values ('V26', '0029');
insert into Fall22_S003_10_Goes_To (V_Id, Zipcode) Values ('V20', '0009');
insert into Fall22_S003_10_Goes_To (V_Id, Zipcode) Values ('V25', '0040');
insert into Fall22_S003_10_Goes_To (V_Id, Zipcode) Values ('V01', '0007');
insert into Fall22_S003_10_Goes_To (V_Id, Zipcode) Values ('V02', '0033');
insert into Fall22_S003_10_Goes_To (V_Id, Zipcode) Values ('V03', '0010');
insert into Fall22_S003_10_Goes_To (V_Id, Zipcode) Values ('V35', '0012');
insert into Fall22_S003_10_Goes_To (V_Id, Zipcode) Values ('V36', '0007');
insert into Fall22_S003_10_Goes_To (V_Id, Zipcode) Values ('V37', '0009');
insert into Fall22_S003_10_Goes_To (V_Id, Zipcode) Values ('V35', '0006');
insert into Fall22_S003_10_Goes_To (V_Id, Zipcode) Values ('V40', '0008');
insert into Fall22_S003_10_Goes_To (V_Id, Zipcode) Values ('V11', '0013');
insert into Fall22_S003_10_Goes_To (V_Id, Zipcode) Values ('V12', '0016');



-- Booking Insert Data --

insert into Fall22_S003_10_Books_Details (C_ID, V_Id, St_time, E_Time, Pickup_L, Drop_L, Book_dt, Price) values (1, 'V01', to_date('23:05','hh24:mi'), to_date('11:15', 'hh24:mi'),'0024', '0009', to_date('01-02-2021','MM-DD-YYYY'), 10);
insert into Fall22_S003_10_Books_Details (C_ID, V_Id, St_time, E_Time, Pickup_L, Drop_L, Book_dt, Price) values (2, 'V02', to_date('11:10','hh24:mi'), to_date('11:26', 'hh24:mi'),'0024', '0009', to_date('01-03-2021','MM-DD-YYYY'), 10);
insert into Fall22_S003_10_Books_Details (C_ID, V_Id, St_time, E_Time, Pickup_L, Drop_L, Book_dt, Price) values (3, 'V13', to_date('11:05','hh24:mi'), to_date('11:22', 'hh24:mi'),'0009', '0039', to_date('01-05-2021','MM-DD-YYYY'), 15);
insert into Fall22_S003_10_Books_Details (C_ID, V_Id, St_time, E_Time, Pickup_L, Drop_L, Book_dt, Price) values (4, 'V09', to_date('13:33','hh24:mi'), to_date('13:53', 'hh24:mi'),'0024', '0008', to_date('01-06-2021','MM-DD-YYYY'), 10);
insert into Fall22_S003_10_Books_Details (C_ID, V_Id, St_time, E_Time, Pickup_L, Drop_L, Book_dt, Price) values (5, 'V22', to_date('14:16','hh24:mi'), to_date('15:19', 'hh24:mi'),'0024', '0010', to_date('01-08-2021','MM-DD-YYYY'), 11);
insert into Fall22_S003_10_Books_Details (C_ID, V_Id, St_time, E_Time, Pickup_L, Drop_L, Book_dt, Price) values (6, 'V06', to_date('12:01','hh24:mi'), to_date('12:28', 'hh24:mi'),'0005', '0009', to_date('01-10-2021','MM-DD-YYYY'), 10);
insert into Fall22_S003_10_Books_Details (C_ID, V_Id, St_time, E_Time, Pickup_L, Drop_L, Book_dt, Price) values (7, 'V17', to_date('15:32','hh24:mi'), to_date('15:41', 'hh24:mi'),'0012', '0008', to_date('01-17-2021','MM-DD-YYYY'), 15);
insert into Fall22_S003_10_Books_Details (C_ID, V_Id, St_time, E_Time, Pickup_L, Drop_L, Book_dt, Price) values (8, 'V28', to_date('00:25','hh24:mi'), to_date('12:46', 'hh24:mi'),'0012', '0009', to_date('01-18-2021','MM-DD-YYYY'), 4);
insert into Fall22_S003_10_Books_Details (C_ID, V_Id, St_time, E_Time, Pickup_L, Drop_L, Book_dt, Price) values (9, 'V01', to_date('12:16','hh24:mi'), to_date('12:35', 'hh24:mi'),'0010', '0013', to_date('01-19-2021','MM-DD-YYYY'), 10);
insert into Fall22_S003_10_Books_Details (C_ID, V_Id, St_time, E_Time, Pickup_L, Drop_L, Book_dt, Price) values (10,'V10', to_date('11:49','hh24:mi'), to_date('12:19', 'hh24:mi'),'0007', '0009', to_date('01-20-2021','MM-DD-YYYY'), 10);
insert into Fall22_S003_10_Books_Details (C_ID, V_Id, St_time, E_Time, Pickup_L, Drop_L, Book_dt, Price) values (11,'V07', to_date('12:52','hh24:mi'), to_date('13:05', 'hh24:mi'),'0013', '0006', to_date('02-02-2021','MM-DD-YYYY'), 10);
insert into Fall22_S003_10_Books_Details (C_ID, V_Id, St_time, E_Time, Pickup_L, Drop_L, Book_dt, Price) values (2, 'V04', to_date('14:33','hh24:mi'), to_date('14:48', 'hh24:mi'),'0006', '0011', to_date('02-12-2021','MM-DD-YYYY'), 10);
insert into Fall22_S003_10_Books_Details (C_ID, V_Id, St_time, E_Time, Pickup_L, Drop_L, Book_dt, Price) values (3, 'V14', to_date('14:56','hh24:mi'), to_date('15:10', 'hh24:mi'),'0024', '0020', to_date('02-15-2021','MM-DD-YYYY'), 15);
insert into Fall22_S003_10_Books_Details (C_ID, V_Id, St_time, E_Time, Pickup_L, Drop_L, Book_dt, Price) values (4, 'V20', to_date('12:10','hh24:mi'), to_date('12:27', 'hh24:mi'),'0027', '0008', to_date('02-20-2021','MM-DD-YYYY'), 11);
insert into Fall22_S003_10_Books_Details (C_ID, V_Id, St_time, E_Time, Pickup_L, Drop_L, Book_dt, Price) values (5, 'V12', to_date('12:08','hh24:mi'), to_date('12:13', 'hh24:mi'),'0027', '0009', to_date('02-22-2021','MM-DD-YYYY'), 15);
insert into Fall22_S003_10_Books_Details (C_ID, V_Id, St_time, E_Time, Pickup_L, Drop_L, Book_dt, Price) values (6, 'V12', to_date('11:10','hh24:mi'), to_date('11:19', 'hh24:mi'),'0024', '0031', to_date('03-05-2021','MM-DD-YYYY'), 15);
insert into Fall22_S003_10_Books_Details (C_ID, V_Id, St_time, E_Time, Pickup_L, Drop_L, Book_dt, Price) values (7, 'V11', to_date('11:37','hh24:mi'), to_date('11:43', 'hh24:mi'),'0035', '0017', to_date('03-06-2021','MM-DD-YYYY'), 15);
insert into Fall22_S003_10_Books_Details (C_ID, V_Id, St_time, E_Time, Pickup_L, Drop_L, Book_dt, Price) values (8, 'V05', to_date('11:04','hh24:mi'), to_date('11:11', 'hh24:mi'),'0039', '0005', to_date('03-10-2021','MM-DD-YYYY'), 10);
insert into Fall22_S003_10_Books_Details (C_ID, V_Id, St_time, E_Time, Pickup_L, Drop_L, Book_dt, Price) values (19, 'V10', to_date('23:07','hh24:mi'), to_date('11:19', 'hh24:mi'),'0023', '0012', to_date('03-13-2021','MM-DD-YYYY'), 10);
insert into Fall22_S003_10_Books_Details (C_ID, V_Id, St_time, E_Time, Pickup_L, Drop_L, Book_dt, Price) values (20, 'V03', to_date('11:08','hh24:mi'), to_date('11:18', 'hh24:mi'),'0024', '0009', to_date('03-14-2021','MM-DD-YYYY'), 10);
insert into Fall22_S003_10_Books_Details (C_ID, V_Id, St_time, E_Time, Pickup_L, Drop_L, Book_dt, Price) values (1, 'V13', to_date('12:31','hh24:mi'), to_date('12:33', 'hh24:mi'),'0024', '0012', to_date('03-15-2021','MM-DD-YYYY'), 15);
insert into Fall22_S003_10_Books_Details (C_ID, V_Id, St_time, E_Time, Pickup_L, Drop_L, Book_dt, Price) values (2, 'V07', to_date('01:38','hh24:mi'), to_date('02:23', 'hh24:mi'),'0015', '0014', to_date('03-19-2021','MM-DD-YYYY'), 10);
insert into Fall22_S003_10_Books_Details (C_ID, V_Id, St_time, E_Time, Pickup_L, Drop_L, Book_dt, Price) values (3, 'V23', to_date('01:26','hh24:mi'), to_date('02:12', 'hh24:mi'),'0016', '0027', to_date('03-21-2021','MM-DD-YYYY'), 4);
insert into Fall22_S003_10_Books_Details (C_ID, V_Id, St_time, E_Time, Pickup_L, Drop_L, Book_dt, Price) values (4, 'V01', to_date('01:02','hh24:mi'), to_date('01:35', 'hh24:mi'),'0026', '0004', to_date('03-26-2021','MM-DD-YYYY'), 10);
insert into Fall22_S003_10_Books_Details (C_ID, V_Id, St_time, E_Time, Pickup_L, Drop_L, Book_dt, Price) values (5, 'V15', to_date('02:23','hh24:mi'), to_date('02:29', 'hh24:mi'),'0017', '0033', to_date('03-28-2021','MM-DD-YYYY'), 15);
insert into Fall22_S003_10_Books_Details (C_ID, V_Id, St_time, E_Time, Pickup_L, Drop_L, Book_dt, Price) values (6, 'V22', to_date('02:53','hh24:mi'), to_date('03:00', 'hh24:mi'),'0029', '0009', to_date('03-29-2021','MM-DD-YYYY'), 11);
insert into Fall22_S003_10_Books_Details (C_ID, V_Id, St_time, E_Time, Pickup_L, Drop_L, Book_dt, Price) values (27, 'V06', to_date('03:01','hh24:mi'), to_date('03:11', 'hh24:mi'),'0024', '0011', to_date('06-01-2021','MM-DD-YYYY'), 10);
insert into Fall22_S003_10_Books_Details (C_ID, V_Id, St_time, E_Time, Pickup_L, Drop_L, Book_dt, Price) values (28, 'V02', to_date('04:58','hh24:mi'), to_date('05:00', 'hh24:mi'),'0018', '0027', to_date('06-12-2021','MM-DD-YYYY'), 10);
insert into Fall22_S003_10_Books_Details (C_ID, V_Id, St_time, E_Time, Pickup_L, Drop_L, Book_dt, Price) values (29, 'V16', to_date('05:28','hh24:mi'), to_date('07:09', 'hh24:mi'),'0024', '0009', to_date('06-13-2021','MM-DD-YYYY'), 6);
insert into Fall22_S003_10_Books_Details (C_ID, V_Id, St_time, E_Time, Pickup_L, Drop_L, Book_dt, Price) values (30, 'V28', to_date('09:28','hh24:mi'), to_date('12:46', 'hh24:mi'),'0019', '0013', to_date('06-15-2021','MM-DD-YYYY'), 4);
insert into Fall22_S003_10_Books_Details (C_ID, V_Id, St_time, E_Time, Pickup_L, Drop_L, Book_dt, Price) values (31, 'V17', to_date('16:23','hh24:mi'), to_date('16:47', 'hh24:mi'),'0026', '0009', to_date('06-20-2021','MM-DD-YYYY'), 15);
insert into Fall22_S003_10_Books_Details (C_ID, V_Id, St_time, E_Time, Pickup_L, Drop_L, Book_dt, Price) values (32, 'V10', to_date('20:00','hh24:mi'), to_date('20:20', 'hh24:mi'),'0012', '0026', to_date('06-22-2021','MM-DD-YYYY'), 10);
insert into Fall22_S003_10_Books_Details (C_ID, V_Id, St_time, E_Time, Pickup_L, Drop_L, Book_dt, Price) values (33, 'V21', to_date('20:29','hh24:mi'), to_date('20:35', 'hh24:mi'),'0024', '0001', to_date('06-24-2021','MM-DD-YYYY'), 11);
insert into Fall22_S003_10_Books_Details (C_ID, V_Id, St_time, E_Time, Pickup_L, Drop_L, Book_dt, Price) values (34, 'V19', to_date('21:37','hh24:mi'), to_date('21:59', 'hh24:mi'),'0024', '0017', to_date('08-02-2021','MM-DD-YYYY'), 6);
insert into Fall22_S003_10_Books_Details (C_ID, V_Id, St_time, E_Time, Pickup_L, Drop_L, Book_dt, Price) values (35, 'V24', to_date('18:13','hh24:mi'), to_date('19:08', 'hh24:mi'),'0020', '0009', to_date('08-10-2021','MM-DD-YYYY'), 4);
insert into Fall22_S003_10_Books_Details (C_ID, V_Id, St_time, E_Time, Pickup_L, Drop_L, Book_dt, Price) values (36, 'V27', to_date('23:46','hh24:mi'), to_date('00:00', 'hh24:mi'),'0031', '0034', to_date('08-13-2021','MM-DD-YYYY'), 4);
insert into Fall22_S003_10_Books_Details (C_ID, V_Id, St_time, E_Time, Pickup_L, Drop_L, Book_dt, Price) values (37, 'V13', to_date('17:31','hh24:mi'), to_date('18:35', 'hh24:mi'),'0025', '0006', to_date('08-15-2021','MM-DD-YYYY'), 15);
insert into Fall22_S003_10_Books_Details (C_ID, V_Id, St_time, E_Time, Pickup_L, Drop_L, Book_dt, Price) values (38, 'V26', to_date('22:12','hh24:mi'), to_date('22:49', 'hh24:mi'),'0024', '0029', to_date('08-17-2021','MM-DD-YYYY'), 6);
insert into Fall22_S003_10_Books_Details (C_ID, V_Id, St_time, E_Time, Pickup_L, Drop_L, Book_dt, Price) values (39, 'V20', to_date('17:47','hh24:mi'), to_date('18:38', 'hh24:mi'),'0001', '0009', to_date('08-20-2021','MM-DD-YYYY'), 11);
insert into Fall22_S003_10_Books_Details (C_ID, V_Id, St_time, E_Time, Pickup_L, Drop_L, Book_dt, Price) values (40, 'V25', to_date('00:15','hh24:mi'), to_date('00:42', 'hh24:mi'),'0002', '0040', to_date('08-29-2021','MM-DD-YYYY'), 4);
insert into Fall22_S003_10_Books_Details (C_ID, V_Id, St_time, E_Time, Pickup_L, Drop_L, Book_dt, Price) values (11, 'V01', to_date('11:44','hh24:mi'), to_date('11:16', 'hh24:mi'),'0022', '0007', to_date('10-04-2021','MM-DD-YYYY'), 10);
insert into Fall22_S003_10_Books_Details (C_ID, V_Id, St_time, E_Time, Pickup_L, Drop_L, Book_dt, Price) values (12, 'V02', to_date('11:01','hh24:mi'), to_date('11:30', 'hh24:mi'),'0033', '0033', to_date('10-05-2021','MM-DD-YYYY'), 10);
insert into Fall22_S003_10_Books_Details (C_ID, V_Id, St_time, E_Time, Pickup_L, Drop_L, Book_dt, Price) values (13, 'V03', to_date('12:09','hh24:mi'), to_date('12:15', 'hh24:mi'),'0036', '0010', to_date('10-14-2021','MM-DD-YYYY'), 10);
insert into Fall22_S003_10_Books_Details (C_ID, V_Id, St_time, E_Time, Pickup_L, Drop_L, Book_dt, Price) values (15, 'V35', to_date('19:30','hh24:mi'), to_date('20:10', 'hh24:mi'),'0033', '0012', to_date('10-20-2021','MM-DD-YYYY'), 9);
insert into Fall22_S003_10_Books_Details (C_ID, V_Id, St_time, E_Time, Pickup_L, Drop_L, Book_dt, Price) values (16, 'V36', to_date('22:19','hh24:mi'), to_date('13:19', 'hh24:mi'),'0014', '0007', to_date('10-22-2021','MM-DD-YYYY'), 9);
insert into Fall22_S003_10_Books_Details (C_ID, V_Id, St_time, E_Time, Pickup_L, Drop_L, Book_dt, Price) values (17, 'V37', to_date('08:33','hh24:mi'), to_date('08:07', 'hh24:mi'),'0015', '0009', to_date('12-24-2021','MM-DD-YYYY'), 9);
insert into Fall22_S003_10_Books_Details (C_ID, V_Id, St_time, E_Time, Pickup_L, Drop_L, Book_dt, Price) values (25, 'V35', to_date('07:21','hh24:mi'), to_date('12:24', 'hh24:mi'),'0016', '0006', to_date('01-02-2022','MM-DD-YYYY'), 9);
insert into Fall22_S003_10_Books_Details (C_ID, V_Id, St_time, E_Time, Pickup_L, Drop_L, Book_dt, Price) values (12, 'V40', to_date('06:04','hh24:mi'), to_date('06:07', 'hh24:mi'),'0040', '0008', to_date('01-06-2022','MM-DD-YYYY'), 9);
insert into Fall22_S003_10_Books_Details (C_ID, V_Id, St_time, E_Time, Pickup_L, Drop_L, Book_dt, Price) values (21, 'V11', to_date('13:52','hh24:mi'), to_date('15:03','hh24:mi'), '0039', '0013', to_date('01-09-2022','MM-DD-YYYY'), 15);
insert into Fall22_S003_10_Books_Details (C_ID, V_Id, St_time, E_Time, Pickup_L, Drop_L, Book_dt, Price) values (22, 'V12', to_date('09:41','hh24:mi'), to_date('02:14','hh24:mi'), '0038', '0016', to_date('01-10-2022','MM-DD-YYYY'), 15);




